image_path,style,event_type,description
images/casual/casual_0000.jpg,casual,presentation_projet,Tenue casual pour un contexte professionnel etudiant
images/casual/casual_0001.jpg,casual,journee_campus,Tenue casual pour un contexte professionnel etudiant
images/casual/casual_0002.jpg,casual,soiree_networking,Tenue casual pour un contexte professionnel etudiant
images/casual/casual_0003.jpg,casual,soiree_networking,Tenue casual pour un contexte professionnel etudiant
images/casual/casual_0004.jpg,casual,entretien_embauche,Tenue casual pour un contexte professionnel etudiant
images/casual/casual_0005.jpg,casual,entretien_embauche,Tenue casual pour un contexte professionnel etudiant
images/casual/casual_0006.jpg,casual,entretien_embauche,Tenue casual pour un contexte professionnel etudiant
images/casual/casual_0007.jpg,casual,soiree_networking,Tenue casual pour un contexte professionnel etudiant
images/casual/casual_0008.jpg,casual,soiree_networking,Tenue casual pour un contexte professionnel etudiant
images/casual/casual_0009.jpg,casual,entretien_embauche,Tenue casual pour un contexte professionnel etudiant
images/casual/casual_0010.jpg,casual,journee_campus,Tenue casual pour un contexte professionnel etudiant
images/casual/casual_0011.jpg,casual,presentation_projet,Tenue casual pour un contexte professionnel etudiant
images/casual/casual_0012.jpg,casual,presentation_projet,Tenue casual pour un contexte professionnel etudiant
images/casual/casual_0013.jpg,casual,entretien_embauche,Tenue casual pour un contexte professionnel etudiant
images/casual/casual_0014.jpg,casual,presentation_projet,Tenue casual pour un contexte professionnel etudiant
images/casual/casual_0015.jpg,casual,journee_campus,Tenue casual pour un contexte professionnel etudiant
images/casual/casual_0016.jpg,casual,soiree_networking,Tenue casual pour un contexte professionnel etudiant
images/casual/casual_0017.jpg,casual,entretien_embauche,Tenue casual pour un contexte professionnel etudiant
images/casual/casual_0018.jpg,casual,journee_campus,Tenue casual pour un contexte professionnel etudiant
images/casual/casual_0019.jpg,casual,presentation_projet,Tenue casual pour un contexte professionnel etudiant
images/casual/casual_0020.jpg,casual,entretien_embauche,Tenue casual pour un contexte professionnel etudiant
images/casual/casual_0021.jpg,casual,soiree_networking,Tenue casual pour un contexte professionnel etudiant
images/casual/casual_0022.jpg,casual,entretien_embauche,Tenue casual pour un contexte professionnel etudiant
images/casual/casual_0023.jpg,casual,entretien_embauche,Tenue casual pour un contexte professionnel etudiant
images/casual/casual_0024.jpg,casual,entretien_embauche,Tenue casual pour un contexte professionnel etudiant
images/casual/casual_0025.jpg,casual,journee_campus,Tenue casual pour un contexte professionnel etudiant
images/casual/casual_0026.jpg,casual,journee_campus,Tenue casual pour un contexte professionnel etudiant
images/casual/casual_0027.jpg,casual,presentation_projet,Tenue casual pour un contexte professionnel etudiant
images/casual/casual_0028.jpg,casual,presentation_projet,Tenue casual pour un contexte professionnel etudiant
images/casual/casual_0029.jpg,casual,entretien_embauche,Tenue casual pour un contexte professionnel etudiant
images/casual/casual_0030.jpg,casual,journee_campus,Tenue casual pour un contexte professionnel etudiant
images/casual/casual_0031.jpg,casual,journee_campus,Tenue casual pour un contexte professionnel etudiant
images/casual/casual_0032.jpg,casual,soiree_networking,Tenue casual pour un contexte professionnel etudiant
images/casual/casual_0033.jpg,casual,journee_campus,Tenue casual pour un contexte professionnel etudiant
images/casual/casual_0034.jpg,casual,presentation_projet,Tenue casual pour un contexte professionnel etudiant
images/casual/casual_0035.jpg,casual,journee_campus,Tenue casual pour un contexte professionnel etudiant
images/casual/casual_0036.jpg,casual,presentation_projet,Tenue casual pour un contexte professionnel etudiant
images/casual/casual_0037.jpg,casual,entretien_embauche,Tenue casual pour un contexte professionnel etudiant
images/casual/casual_0038.jpg,casual,presentation_projet,Tenue casual pour un contexte professionnel etudiant
images/casual/casual_0039.jpg,casual,soiree_networking,Tenue casual pour un contexte professionnel etudiant
images/casual/casual_0040.jpg,casual,journee_campus,Tenue casual pour un contexte professionnel etudiant
images/casual/casual_0041.jpg,casual,entretien_embauche,Tenue casual pour un contexte professionnel etudiant
images/casual/casual_0042.jpg,casual,entretien_embauche,Tenue casual pour un contexte professionnel etudiant
images/casual/casual_0043.jpg,casual,journee_campus,Tenue casual pour un contexte professionnel etudiant
images/casual/casual_0044.jpg,casual,journee_campus,Tenue casual pour un contexte professionnel etudiant
images/casual/casual_0045.jpg,casual,presentation_projet,Tenue casual pour un contexte professionnel etudiant
images/casual/casual_0046.jpg,casual,entretien_embauche,Tenue casual pour un contexte professionnel etudiant
images/casual/casual_0047.jpg,casual,presentation_projet,Tenue casual pour un contexte professionnel etudiant
images/casual/casual_0048.jpg,casual,entretien_embauche,Tenue casual pour un contexte professionnel etudiant
images/casual/casual_0049.jpg,casual,soiree_networking,Tenue casual pour un contexte professionnel etudiant
images/casual/casual_0050.jpg,casual,soiree_networking,Tenue casual pour un contexte professionnel etudiant
images/casual/casual_0051.jpg,casual,entretien_embauche,Tenue casual pour un contexte professionnel etudiant
images/casual/casual_0052.jpg,casual,journee_campus,Tenue casual pour un contexte professionnel etudiant
images/casual/casual_0053.jpg,casual,entretien_embauche,Tenue casual pour un contexte professionnel etudiant
images/casual/casual_0054.jpg,casual,presentation_projet,Tenue casual pour un contexte professionnel etudiant
images/casual/casual_0055.jpg,casual,soiree_networking,Tenue casual pour un contexte professionnel etudiant
images/casual/casual_0056.jpg,casual,presentation_projet,Tenue casual pour un contexte professionnel etudiant
images/casual/casual_0057.jpg,casual,soiree_networking,Tenue casual pour un contexte professionnel etudiant
images/casual/casual_0058.jpg,casual,soiree_networking,Tenue casual pour un contexte professionnel etudiant
images/casual/casual_0059.jpg,casual,soiree_networking,Tenue casual pour un contexte professionnel etudiant
images/casual/casual_0060.jpg,casual,presentation_projet,Tenue casual pour un contexte professionnel etudiant
images/casual/casual_0061.jpg,casual,presentation_projet,Tenue casual pour un contexte professionnel etudiant
images/casual/casual_0062.jpg,casual,presentation_projet,Tenue casual pour un contexte professionnel etudiant
images/casual/casual_0063.jpg,casual,entretien_embauche,Tenue casual pour un contexte professionnel etudiant
images/casual/casual_0064.jpg,casual,presentation_projet,Tenue casual pour un contexte professionnel etudiant
images/casual/casual_0065.jpg,casual,entretien_embauche,Tenue casual pour un contexte professionnel etudiant
images/casual/casual_0066.jpg,casual,entretien_embauche,Tenue casual pour un contexte professionnel etudiant
images/casual/casual_0067.jpg,casual,journee_campus,Tenue casual pour un contexte professionnel etudiant
images/casual/casual_0068.jpg,casual,journee_campus,Tenue casual pour un contexte professionnel etudiant
images/casual/casual_0069.jpg,casual,journee_campus,Tenue casual pour un contexte professionnel etudiant
images/casual/casual_0070.jpg,casual,entretien_embauche,Tenue casual pour un contexte professionnel etudiant
images/casual/casual_0071.jpg,casual,journee_campus,Tenue casual pour un contexte professionnel etudiant
images/casual/casual_0072.jpg,casual,soiree_networking,Tenue casual pour un contexte professionnel etudiant
images/casual/casual_0073.jpg,casual,presentation_projet,Tenue casual pour un contexte professionnel etudiant
images/casual/casual_0074.jpg,casual,entretien_embauche,Tenue casual pour un contexte professionnel etudiant
images/casual/casual_0075.jpg,casual,entretien_embauche,Tenue casual pour un contexte professionnel etudiant
images/casual/casual_0076.jpg,casual,entretien_embauche,Tenue casual pour un contexte professionnel etudiant
images/casual/casual_0077.jpg,casual,soiree_networking,Tenue casual pour un contexte professionnel etudiant
images/casual/casual_0078.jpg,casual,presentation_projet,Tenue casual pour un contexte professionnel etudiant
images/casual/casual_0079.jpg,casual,presentation_projet,Tenue casual pour un contexte professionnel etudiant
images/casual/casual_0080.jpg,casual,presentation_projet,Tenue casual pour un contexte professionnel etudiant
images/casual/casual_0081.jpg,casual,presentation_projet,Tenue casual pour un contexte professionnel etudiant
images/casual/casual_0082.jpg,casual,entretien_embauche,Tenue casual pour un contexte professionnel etudiant
images/casual/casual_0083.jpg,casual,entretien_embauche,Tenue casual pour un contexte professionnel etudiant
images/casual/casual_0084.jpg,casual,journee_campus,Tenue casual pour un contexte professionnel etudiant
images/casual/casual_0085.jpg,casual,soiree_networking,Tenue casual pour un contexte professionnel etudiant
images/casual/casual_0086.jpg,casual,presentation_projet,Tenue casual pour un contexte professionnel etudiant
images/casual/casual_0087.jpg,casual,journee_campus,Tenue casual pour un contexte professionnel etudiant
images/casual/casual_0088.jpg,casual,presentation_projet,Tenue casual pour un contexte professionnel etudiant
images/casual/casual_0089.jpg,casual,presentation_projet,Tenue casual pour un contexte professionnel etudiant
images/casual/casual_0090.jpg,casual,soiree_networking,Tenue casual pour un contexte professionnel etudiant
images/casual/casual_0091.jpg,casual,presentation_projet,Tenue casual pour un contexte professionnel etudiant
images/casual/casual_0092.jpg,casual,presentation_projet,Tenue casual pour un contexte professionnel etudiant
images/casual/casual_0093.jpg,casual,presentation_projet,Tenue casual pour un contexte professionnel etudiant
images/casual/casual_0094.jpg,casual,presentation_projet,Tenue casual pour un contexte professionnel etudiant
images/casual/casual_0095.jpg,casual,entretien_embauche,Tenue casual pour un contexte professionnel etudiant
images/casual/casual_0096.jpg,casual,soiree_networking,Tenue casual pour un contexte professionnel etudiant
images/casual/casual_0097.jpg,casual,presentation_projet,Tenue casual pour un contexte professionnel etudiant
images/casual/casual_0098.jpg,casual,journee_campus,Tenue casual pour un contexte professionnel etudiant
images/casual/casual_0099.jpg,casual,entretien_embauche,Tenue casual pour un contexte professionnel etudiant
images/business/business_0000.jpg,business,soiree_networking,Tenue business pour un contexte professionnel etudiant
images/business/business_0001.jpg,business,soiree_networking,Tenue business pour un contexte professionnel etudiant
images/business/business_0002.jpg,business,soiree_networking,Tenue business pour un contexte professionnel etudiant
images/business/business_0003.jpg,business,journee_campus,Tenue business pour un contexte professionnel etudiant
images/business/business_0004.jpg,business,soiree_networking,Tenue business pour un contexte professionnel etudiant
images/business/business_0005.jpg,business,soiree_networking,Tenue business pour un contexte professionnel etudiant
images/business/business_0006.jpg,business,entretien_embauche,Tenue business pour un contexte professionnel etudiant
images/business/business_0007.jpg,business,soiree_networking,Tenue business pour un contexte professionnel etudiant
images/business/business_0008.jpg,business,soiree_networking,Tenue business pour un contexte professionnel etudiant
images/business/business_0009.jpg,business,entretien_embauche,Tenue business pour un contexte professionnel etudiant
images/business/business_0010.jpg,business,presentation_projet,Tenue business pour un contexte professionnel etudiant
images/business/business_0011.jpg,business,soiree_networking,Tenue business pour un contexte professionnel etudiant
images/business/business_0012.jpg,business,entretien_embauche,Tenue business pour un contexte professionnel etudiant
images/business/business_0013.jpg,business,entretien_embauche,Tenue business pour un contexte professionnel etudiant
images/business/business_0014.jpg,business,entretien_embauche,Tenue business pour un contexte professionnel etudiant
images/business/business_0015.jpg,business,soiree_networking,Tenue business pour un contexte professionnel etudiant
images/business/business_0016.jpg,business,journee_campus,Tenue business pour un contexte professionnel etudiant
images/business/business_0017.jpg,business,journee_campus,Tenue business pour un contexte professionnel etudiant
images/business/business_0018.jpg,business,journee_campus,Tenue business pour un contexte professionnel etudiant
images/business/business_0019.jpg,business,soiree_networking,Tenue business pour un contexte professionnel etudiant
images/business/business_0020.jpg,business,soiree_networking,Tenue business pour un contexte professionnel etudiant
images/business/business_0021.jpg,business,journee_campus,Tenue business pour un contexte professionnel etudiant
images/business/business_0022.jpg,business,journee_campus,Tenue business pour un contexte professionnel etudiant
images/business/business_0023.jpg,business,presentation_projet,Tenue business pour un contexte professionnel etudiant
images/business/business_0024.jpg,business,soiree_networking,Tenue business pour un contexte professionnel etudiant
images/business/business_0025.jpg,business,presentation_projet,Tenue business pour un contexte professionnel etudiant
images/business/business_0026.jpg,business,presentation_projet,Tenue business pour un contexte professionnel etudiant
images/business/business_0027.jpg,business,journee_campus,Tenue business pour un contexte professionnel etudiant
images/business/business_0028.jpg,business,presentation_projet,Tenue business pour un contexte professionnel etudiant
images/business/business_0029.jpg,business,journee_campus,Tenue business pour un contexte professionnel etudiant
images/business/business_0030.jpg,business,soiree_networking,Tenue business pour un contexte professionnel etudiant
images/business/business_0031.jpg,business,soiree_networking,Tenue business pour un contexte professionnel etudiant
images/business/business_0032.jpg,business,presentation_projet,Tenue business pour un contexte professionnel etudiant
images/business/business_0033.jpg,business,presentation_projet,Tenue business pour un contexte professionnel etudiant
images/business/business_0034.jpg,business,journee_campus,Tenue business pour un contexte professionnel etudiant
images/business/business_0035.jpg,business,soiree_networking,Tenue business pour un contexte professionnel etudiant
images/business/business_0036.jpg,business,entretien_embauche,Tenue business pour un contexte professionnel etudiant
images/business/business_0037.jpg,business,journee_campus,Tenue business pour un contexte professionnel etudiant
images/business/business_0038.jpg,business,soiree_networking,Tenue business pour un contexte professionnel etudiant
images/business/business_0039.jpg,business,journee_campus,Tenue business pour un contexte professionnel etudiant
images/business/business_0040.jpg,business,journee_campus,Tenue business pour un contexte professionnel etudiant
images/business/business_0041.jpg,business,journee_campus,Tenue business pour un contexte professionnel etudiant
images/business/business_0042.jpg,business,presentation_projet,Tenue business pour un contexte professionnel etudiant
images/business/business_0043.jpg,business,soiree_networking,Tenue business pour un contexte professionnel etudiant
images/business/business_0044.jpg,business,entretien_embauche,Tenue business pour un contexte professionnel etudiant
images/business/business_0045.jpg,business,journee_campus,Tenue business pour un contexte professionnel etudiant
images/business/business_0046.jpg,business,presentation_projet,Tenue business pour un contexte professionnel etudiant
images/business/business_0047.jpg,business,presentation_projet,Tenue business pour un contexte professionnel etudiant
images/business/business_0048.jpg,business,soiree_networking,Tenue business pour un contexte professionnel etudiant
images/business/business_0049.jpg,business,soiree_networking,Tenue business pour un contexte professionnel etudiant
images/business/business_0050.jpg,business,soiree_networking,Tenue business pour un contexte professionnel etudiant
images/business/business_0051.jpg,business,soiree_networking,Tenue business pour un contexte professionnel etudiant
images/business/business_0052.jpg,business,entretien_embauche,Tenue business pour un contexte professionnel etudiant
images/business/business_0053.jpg,business,entretien_embauche,Tenue business pour un contexte professionnel etudiant
images/business/business_0054.jpg,business,journee_campus,Tenue business pour un contexte professionnel etudiant
images/business/business_0055.jpg,business,journee_campus,Tenue business pour un contexte professionnel etudiant
images/business/business_0056.jpg,business,presentation_projet,Tenue business pour un contexte professionnel etudiant
images/business/business_0057.jpg,business,presentation_projet,Tenue business pour un contexte professionnel etudiant
images/business/business_0058.jpg,business,presentation_projet,Tenue business pour un contexte professionnel etudiant
images/business/business_0059.jpg,business,journee_campus,Tenue business pour un contexte professionnel etudiant
images/business/business_0060.jpg,business,entretien_embauche,Tenue business pour un contexte professionnel etudiant
images/business/business_0061.jpg,business,soiree_networking,Tenue business pour un contexte professionnel etudiant
images/business/business_0062.jpg,business,presentation_projet,Tenue business pour un contexte professionnel etudiant
images/business/business_0063.jpg,business,journee_campus,Tenue business pour un contexte professionnel etudiant
images/business/business_0064.jpg,business,presentation_projet,Tenue business pour un contexte professionnel etudiant
images/business/business_0065.jpg,business,soiree_networking,Tenue business pour un contexte professionnel etudiant
images/business/business_0066.jpg,business,journee_campus,Tenue business pour un contexte professionnel etudiant
images/business/business_0067.jpg,business,journee_campus,Tenue business pour un contexte professionnel etudiant
images/business/business_0068.jpg,business,journee_campus,Tenue business pour un contexte professionnel etudiant
images/business/business_0069.jpg,business,entretien_embauche,Tenue business pour un contexte professionnel etudiant
images/business/business_0070.jpg,business,soiree_networking,Tenue business pour un contexte professionnel etudiant
images/business/business_0071.jpg,business,presentation_projet,Tenue business pour un contexte professionnel etudiant
images/business/business_0072.jpg,business,entretien_embauche,Tenue business pour un contexte professionnel etudiant
images/business/business_0073.jpg,business,journee_campus,Tenue business pour un contexte professionnel etudiant
images/business/business_0074.jpg,business,soiree_networking,Tenue business pour un contexte professionnel etudiant
images/business/business_0075.jpg,business,journee_campus,Tenue business pour un contexte professionnel etudiant
images/business/business_0076.jpg,business,entretien_embauche,Tenue business pour un contexte professionnel etudiant
images/business/business_0077.jpg,business,journee_campus,Tenue business pour un contexte professionnel etudiant
images/business/business_0078.jpg,business,soiree_networking,Tenue business pour un contexte professionnel etudiant
images/business/business_0079.jpg,business,journee_campus,Tenue business pour un contexte professionnel etudiant
images/business/business_0080.jpg,business,presentation_projet,Tenue business pour un contexte professionnel etudiant
images/business/business_0081.jpg,business,soiree_networking,Tenue business pour un contexte professionnel etudiant
images/business/business_0082.jpg,business,soiree_networking,Tenue business pour un contexte professionnel etudiant
images/business/business_0083.jpg,business,journee_campus,Tenue business pour un contexte professionnel etudiant
images/business/business_0084.jpg,business,presentation_projet,Tenue business pour un contexte professionnel etudiant
images/business/business_0085.jpg,business,presentation_projet,Tenue business pour un contexte professionnel etudiant
images/business/business_0086.jpg,business,journee_campus,Tenue business pour un contexte professionnel etudiant
images/business/business_0087.jpg,business,soiree_networking,Tenue business pour un contexte professionnel etudiant
images/business/business_0088.jpg,business,soiree_networking,Tenue business pour un contexte professionnel etudiant
images/business/business_0089.jpg,business,presentation_projet,Tenue business pour un contexte professionnel etudiant
images/business/business_0090.jpg,business,journee_campus,Tenue business pour un contexte professionnel etudiant
images/business/business_0091.jpg,business,journee_campus,Tenue business pour un contexte professionnel etudiant
images/business/business_0092.jpg,business,journee_campus,Tenue business pour un contexte professionnel etudiant
images/business/business_0093.jpg,business,presentation_projet,Tenue business pour un contexte professionnel etudiant
images/business/business_0094.jpg,business,soiree_networking,Tenue business pour un contexte professionnel etudiant
images/business/business_0095.jpg,business,entretien_embauche,Tenue business pour un contexte professionnel etudiant
images/business/business_0096.jpg,business,journee_campus,Tenue business pour un contexte professionnel etudiant
images/business/business_0097.jpg,business,presentation_projet,Tenue business pour un contexte professionnel etudiant
images/business/business_0098.jpg,business,soiree_networking,Tenue business pour un contexte professionnel etudiant
images/business/business_0099.jpg,business,entretien_embauche,Tenue business pour un contexte professionnel etudiant
images/elegant/elegant_0000.jpg,elegant,entretien_embauche,Tenue elegant pour un contexte professionnel etudiant
images/elegant/elegant_0001.jpg,elegant,soiree_networking,Tenue elegant pour un contexte professionnel etudiant
images/elegant/elegant_0002.jpg,elegant,presentation_projet,Tenue elegant pour un contexte professionnel etudiant
images/elegant/elegant_0003.jpg,elegant,presentation_projet,Tenue elegant pour un contexte professionnel etudiant
images/elegant/elegant_0004.jpg,elegant,entretien_embauche,Tenue elegant pour un contexte professionnel etudiant
images/elegant/elegant_0005.jpg,elegant,soiree_networking,Tenue elegant pour un contexte professionnel etudiant
images/elegant/elegant_0006.jpg,elegant,journee_campus,Tenue elegant pour un contexte professionnel etudiant
images/elegant/elegant_0007.jpg,elegant,presentation_projet,Tenue elegant pour un contexte professionnel etudiant
images/elegant/elegant_0008.jpg,elegant,presentation_projet,Tenue elegant pour un contexte professionnel etudiant
images/elegant/elegant_0009.jpg,elegant,soiree_networking,Tenue elegant pour un contexte professionnel etudiant
images/elegant/elegant_0010.jpg,elegant,entretien_embauche,Tenue elegant pour un contexte professionnel etudiant
images/elegant/elegant_0011.jpg,elegant,journee_campus,Tenue elegant pour un contexte professionnel etudiant
images/elegant/elegant_0012.jpg,elegant,journee_campus,Tenue elegant pour un contexte professionnel etudiant
images/elegant/elegant_0013.jpg,elegant,entretien_embauche,Tenue elegant pour un contexte professionnel etudiant
images/elegant/elegant_0014.jpg,elegant,soiree_networking,Tenue elegant pour un contexte professionnel etudiant
images/elegant/elegant_0015.jpg,elegant,entretien_embauche,Tenue elegant pour un contexte professionnel etudiant
images/elegant/elegant_0016.jpg,elegant,soiree_networking,Tenue elegant pour un contexte professionnel etudiant
images/elegant/elegant_0017.jpg,elegant,soiree_networking,Tenue elegant pour un contexte professionnel etudiant
images/elegant/elegant_0018.jpg,elegant,soiree_networking,Tenue elegant pour un contexte professionnel etudiant
images/elegant/elegant_0019.jpg,elegant,entretien_embauche,Tenue elegant pour un contexte professionnel etudiant
images/elegant/elegant_0020.jpg,elegant,entretien_embauche,Tenue elegant pour un contexte professionnel etudiant
images/elegant/elegant_0021.jpg,elegant,journee_campus,Tenue elegant pour un contexte professionnel etudiant
images/elegant/elegant_0022.jpg,elegant,entretien_embauche,Tenue elegant pour un contexte professionnel etudiant
images/elegant/elegant_0023.jpg,elegant,soiree_networking,Tenue elegant pour un contexte professionnel etudiant
images/elegant/elegant_0024.jpg,elegant,entretien_embauche,Tenue elegant pour un contexte professionnel etudiant
images/elegant/elegant_0025.jpg,elegant,presentation_projet,Tenue elegant pour un contexte professionnel etudiant
images/elegant/elegant_0026.jpg,elegant,soiree_networking,Tenue elegant pour un contexte professionnel etudiant
images/elegant/elegant_0027.jpg,elegant,soiree_networking,Tenue elegant pour un contexte professionnel etudiant
images/elegant/elegant_0028.jpg,elegant,soiree_networking,Tenue elegant pour un contexte professionnel etudiant
images/elegant/elegant_0029.jpg,elegant,entretien_embauche,Tenue elegant pour un contexte professionnel etudiant
images/elegant/elegant_0030.jpg,elegant,soiree_networking,Tenue elegant pour un contexte professionnel etudiant
images/elegant/elegant_0031.jpg,elegant,entretien_embauche,Tenue elegant pour un contexte professionnel etudiant
images/elegant/elegant_0032.jpg,elegant,soiree_networking,Tenue elegant pour un contexte professionnel etudiant
images/elegant/elegant_0033.jpg,elegant,journee_campus,Tenue elegant pour un contexte professionnel etudiant
images/elegant/elegant_0034.jpg,elegant,entretien_embauche,Tenue elegant pour un contexte professionnel etudiant
images/elegant/elegant_0035.jpg,elegant,journee_campus,Tenue elegant pour un contexte professionnel etudiant
images/elegant/elegant_0036.jpg,elegant,presentation_projet,Tenue elegant pour un contexte professionnel etudiant
images/elegant/elegant_0037.jpg,elegant,journee_campus,Tenue elegant pour un contexte professionnel etudiant
images/elegant/elegant_0038.jpg,elegant,presentation_projet,Tenue elegant pour un contexte professionnel etudiant
images/elegant/elegant_0039.jpg,elegant,soiree_networking,Tenue elegant pour un contexte professionnel etudiant
images/elegant/elegant_0040.jpg,elegant,journee_campus,Tenue elegant pour un contexte professionnel etudiant
images/elegant/elegant_0041.jpg,elegant,soiree_networking,Tenue elegant pour un contexte professionnel etudiant
images/elegant/elegant_0042.jpg,elegant,soiree_networking,Tenue elegant pour un contexte professionnel etudiant
images/elegant/elegant_0043.jpg,elegant,journee_campus,Tenue elegant pour un contexte professionnel etudiant
images/elegant/elegant_0044.jpg,elegant,soiree_networking,Tenue elegant pour un contexte professionnel etudiant
images/elegant/elegant_0045.jpg,elegant,presentation_projet,Tenue elegant pour un contexte professionnel etudiant
images/elegant/elegant_0046.jpg,elegant,soiree_networking,Tenue elegant pour un contexte professionnel etudiant
images/elegant/elegant_0047.jpg,elegant,entretien_embauche,Tenue elegant pour un contexte professionnel etudiant
images/elegant/elegant_0048.jpg,elegant,entretien_embauche,Tenue elegant pour un contexte professionnel etudiant
images/elegant/elegant_0049.jpg,elegant,soiree_networking,Tenue elegant pour un contexte professionnel etudiant
images/elegant/elegant_0050.jpg,elegant,soiree_networking,Tenue elegant pour un contexte professionnel etudiant
images/elegant/elegant_0051.jpg,elegant,journee_campus,Tenue elegant pour un contexte professionnel etudiant
images/elegant/elegant_0052.jpg,elegant,journee_campus,Tenue elegant pour un contexte professionnel etudiant
images/elegant/elegant_0053.jpg,elegant,soiree_networking,Tenue elegant pour un contexte professionnel etudiant
images/elegant/elegant_0054.jpg,elegant,soiree_networking,Tenue elegant pour un contexte professionnel etudiant
images/elegant/elegant_0055.jpg,elegant,presentation_projet,Tenue elegant pour un contexte professionnel etudiant
images/elegant/elegant_0056.jpg,elegant,soiree_networking,Tenue elegant pour un contexte professionnel etudiant
images/elegant/elegant_0057.jpg,elegant,presentation_projet,Tenue elegant pour un contexte professionnel etudiant
images/elegant/elegant_0058.jpg,elegant,soiree_networking,Tenue elegant pour un contexte professionnel etudiant
images/elegant/elegant_0059.jpg,elegant,soiree_networking,Tenue elegant pour un contexte professionnel etudiant
images/elegant/elegant_0060.jpg,elegant,presentation_projet,Tenue elegant pour un contexte professionnel etudiant
images/elegant/elegant_0061.jpg,elegant,soiree_networking,Tenue elegant pour un contexte professionnel etudiant
images/elegant/elegant_0062.jpg,elegant,presentation_projet,Tenue elegant pour un contexte professionnel etudiant
images/elegant/elegant_0063.jpg,elegant,journee_campus,Tenue elegant pour un contexte professionnel etudiant
images/elegant/elegant_0064.jpg,elegant,entretien_embauche,Tenue elegant pour un contexte professionnel etudiant
images/elegant/elegant_0065.jpg,elegant,soiree_networking,Tenue elegant pour un contexte professionnel etudiant
images/elegant/elegant_0066.jpg,elegant,soiree_networking,Tenue elegant pour un contexte professionnel etudiant
images/elegant/elegant_0067.jpg,elegant,soiree_networking,Tenue elegant pour un contexte professionnel etudiant
images/elegant/elegant_0068.jpg,elegant,journee_campus,Tenue elegant pour un contexte professionnel etudiant
images/elegant/elegant_0069.jpg,elegant,presentation_projet,Tenue elegant pour un contexte professionnel etudiant
images/elegant/elegant_0070.jpg,elegant,soiree_networking,Tenue elegant pour un contexte professionnel etudiant
images/elegant/elegant_0071.jpg,elegant,journee_campus,Tenue elegant pour un contexte professionnel etudiant
images/elegant/elegant_0072.jpg,elegant,journee_campus,Tenue elegant pour un contexte professionnel etudiant
images/elegant/elegant_0073.jpg,elegant,entretien_embauche,Tenue elegant pour un contexte professionnel etudiant
images/elegant/elegant_0074.jpg,elegant,presentation_projet,Tenue elegant pour un contexte professionnel etudiant
images/elegant/elegant_0075.jpg,elegant,presentation_projet,Tenue elegant pour un contexte professionnel etudiant
images/elegant/elegant_0076.jpg,elegant,presentation_projet,Tenue elegant pour un contexte professionnel etudiant
images/elegant/elegant_0077.jpg,elegant,journee_campus,Tenue elegant pour un contexte professionnel etudiant
images/elegant/elegant_0078.jpg,elegant,entretien_embauche,Tenue elegant pour un contexte professionnel etudiant
images/elegant/elegant_0079.jpg,elegant,soiree_networking,Tenue elegant pour un contexte professionnel etudiant
images/elegant/elegant_0080.jpg,elegant,journee_campus,Tenue elegant pour un contexte professionnel etudiant
images/elegant/elegant_0081.jpg,elegant,journee_campus,Tenue elegant pour un contexte professionnel etudiant
images/elegant/elegant_0082.jpg,elegant,presentation_projet,Tenue elegant pour un contexte professionnel etudiant
images/elegant/elegant_0083.jpg,elegant,presentation_projet,Tenue elegant pour un contexte professionnel etudiant
images/elegant/elegant_0084.jpg,elegant,presentation_projet,Tenue elegant pour un contexte professionnel etudiant
images/elegant/elegant_0085.jpg,elegant,entretien_embauche,Tenue elegant pour un contexte professionnel etudiant
images/elegant/elegant_0086.jpg,elegant,presentation_projet,Tenue elegant pour un contexte professionnel etudiant
images/elegant/elegant_0087.jpg,elegant,entretien_embauche,Tenue elegant pour un contexte professionnel etudiant
images/elegant/elegant_0088.jpg,elegant,soiree_networking,Tenue elegant pour un contexte professionnel etudiant
images/elegant/elegant_0089.jpg,elegant,entretien_embauche,Tenue elegant pour un contexte professionnel etudiant
images/elegant/elegant_0090.jpg,elegant,soiree_networking,Tenue elegant pour un contexte professionnel etudiant
images/elegant/elegant_0091.jpg,elegant,journee_campus,Tenue elegant pour un contexte professionnel etudiant
images/elegant/elegant_0092.jpg,elegant,journee_campus,Tenue elegant pour un contexte professionnel etudiant
images/elegant/elegant_0093.jpg,elegant,entretien_embauche,Tenue elegant pour un contexte professionnel etudiant
images/elegant/elegant_0094.jpg,elegant,entretien_embauche,Tenue elegant pour un contexte professionnel etudiant
images/elegant/elegant_0095.jpg,elegant,entretien_embauche,Tenue elegant pour un contexte professionnel etudiant
images/elegant/elegant_0096.jpg,elegant,entretien_embauche,Tenue elegant pour un contexte professionnel etudiant
images/elegant/elegant_0097.jpg,elegant,soiree_networking,Tenue elegant pour un contexte professionnel etudiant
images/elegant/elegant_0098.jpg,elegant,journee_campus,Tenue elegant pour un contexte professionnel etudiant
images/elegant/elegant_0099.jpg,elegant,entretien_embauche,Tenue elegant pour un contexte professionnel etudiant
images/streetwear/streetwear_0000.jpg,streetwear,soiree_networking,Tenue streetwear pour un contexte professionnel etudiant
images/streetwear/streetwear_0001.jpg,streetwear,soiree_networking,Tenue streetwear pour un contexte professionnel etudiant
images/streetwear/streetwear_0002.jpg,streetwear,soiree_networking,Tenue streetwear pour un contexte professionnel etudiant
images/streetwear/streetwear_0003.jpg,streetwear,presentation_projet,Tenue streetwear pour un contexte professionnel etudiant
images/streetwear/streetwear_0004.jpg,streetwear,presentation_projet,Tenue streetwear pour un contexte professionnel etudiant
images/streetwear/streetwear_0005.jpg,streetwear,presentation_projet,Tenue streetwear pour un contexte professionnel etudiant
images/streetwear/streetwear_0006.jpg,streetwear,soiree_networking,Tenue streetwear pour un contexte professionnel etudiant
images/streetwear/streetwear_0007.jpg,streetwear,presentation_projet,Tenue streetwear pour un contexte professionnel etudiant
images/streetwear/streetwear_0008.jpg,streetwear,soiree_networking,Tenue streetwear pour un contexte professionnel etudiant
images/streetwear/streetwear_0009.jpg,streetwear,soiree_networking,Tenue streetwear pour un contexte professionnel etudiant
images/streetwear/streetwear_0010.jpg,streetwear,entretien_embauche,Tenue streetwear pour un contexte professionnel etudiant
images/streetwear/streetwear_0011.jpg,streetwear,soiree_networking,Tenue streetwear pour un contexte professionnel etudiant
images/streetwear/streetwear_0012.jpg,streetwear,presentation_projet,Tenue streetwear pour un contexte professionnel etudiant
images/streetwear/streetwear_0013.jpg,streetwear,soiree_networking,Tenue streetwear pour un contexte professionnel etudiant
images/streetwear/streetwear_0014.jpg,streetwear,soiree_networking,Tenue streetwear pour un contexte professionnel etudiant
images/streetwear/streetwear_0015.jpg,streetwear,journee_campus,Tenue streetwear pour un contexte professionnel etudiant
images/streetwear/streetwear_0016.jpg,streetwear,soiree_networking,Tenue streetwear pour un contexte professionnel etudiant
images/streetwear/streetwear_0017.jpg,streetwear,entretien_embauche,Tenue streetwear pour un contexte professionnel etudiant
images/streetwear/streetwear_0018.jpg,streetwear,soiree_networking,Tenue streetwear pour un contexte professionnel etudiant
images/streetwear/streetwear_0019.jpg,streetwear,soiree_networking,Tenue streetwear pour un contexte professionnel etudiant
images/streetwear/streetwear_0020.jpg,streetwear,soiree_networking,Tenue streetwear pour un contexte professionnel etudiant
images/streetwear/streetwear_0021.jpg,streetwear,journee_campus,Tenue streetwear pour un contexte professionnel etudiant
images/streetwear/streetwear_0022.jpg,streetwear,soiree_networking,Tenue streetwear pour un contexte professionnel etudiant
images/streetwear/streetwear_0023.jpg,streetwear,soiree_networking,Tenue streetwear pour un contexte professionnel etudiant
images/streetwear/streetwear_0024.jpg,streetwear,soiree_networking,Tenue streetwear pour un contexte professionnel etudiant
images/streetwear/streetwear_0025.jpg,streetwear,entretien_embauche,Tenue streetwear pour un contexte professionnel etudiant
images/streetwear/streetwear_0026.jpg,streetwear,presentation_projet,Tenue streetwear pour un contexte professionnel etudiant
images/streetwear/streetwear_0027.jpg,streetwear,presentation_projet,Tenue streetwear pour un contexte professionnel etudiant
images/streetwear/streetwear_0028.jpg,streetwear,journee_campus,Tenue streetwear pour un contexte professionnel etudiant
images/streetwear/streetwear_0029.jpg,streetwear,soiree_networking,Tenue streetwear pour un contexte professionnel etudiant
images/streetwear/streetwear_0030.jpg,streetwear,journee_campus,Tenue streetwear pour un contexte professionnel etudiant
images/streetwear/streetwear_0031.jpg,streetwear,soiree_networking,Tenue streetwear pour un contexte professionnel etudiant
images/streetwear/streetwear_0032.jpg,streetwear,journee_campus,Tenue streetwear pour un contexte professionnel etudiant
images/streetwear/streetwear_0033.jpg,streetwear,soiree_networking,Tenue streetwear pour un contexte professionnel etudiant
images/streetwear/streetwear_0034.jpg,streetwear,soiree_networking,Tenue streetwear pour un contexte professionnel etudiant
images/streetwear/streetwear_0035.jpg,streetwear,soiree_networking,Tenue streetwear pour un contexte professionnel etudiant
images/streetwear/streetwear_0036.jpg,streetwear,journee_campus,Tenue streetwear pour un contexte professionnel etudiant
images/streetwear/streetwear_0037.jpg,streetwear,entretien_embauche,Tenue streetwear pour un contexte professionnel etudiant
images/streetwear/streetwear_0038.jpg,streetwear,soiree_networking,Tenue streetwear pour un contexte professionnel etudiant
images/streetwear/streetwear_0039.jpg,streetwear,presentation_projet,Tenue streetwear pour un contexte professionnel etudiant
images/streetwear/streetwear_0040.jpg,streetwear,journee_campus,Tenue streetwear pour un contexte professionnel etudiant
images/streetwear/streetwear_0041.jpg,streetwear,soiree_networking,Tenue streetwear pour un contexte professionnel etudiant
images/streetwear/streetwear_0042.jpg,streetwear,journee_campus,Tenue streetwear pour un contexte professionnel etudiant
images/streetwear/streetwear_0043.jpg,streetwear,presentation_projet,Tenue streetwear pour un contexte professionnel etudiant
images/streetwear/streetwear_0044.jpg,streetwear,presentation_projet,Tenue streetwear pour un contexte professionnel etudiant
images/streetwear/streetwear_0045.jpg,streetwear,presentation_projet,Tenue streetwear pour un contexte professionnel etudiant
images/streetwear/streetwear_0046.jpg,streetwear,entretien_embauche,Tenue streetwear pour un contexte professionnel etudiant
images/streetwear/streetwear_0047.jpg,streetwear,entretien_embauche,Tenue streetwear pour un contexte professionnel etudiant
images/streetwear/streetwear_0048.jpg,streetwear,presentation_projet,Tenue streetwear pour un contexte professionnel etudiant
images/streetwear/streetwear_0049.jpg,streetwear,presentation_projet,Tenue streetwear pour un contexte professionnel etudiant
images/streetwear/streetwear_0050.jpg,streetwear,soiree_networking,Tenue streetwear pour un contexte professionnel etudiant
images/streetwear/streetwear_0051.jpg,streetwear,journee_campus,Tenue streetwear pour un contexte professionnel etudiant
images/streetwear/streetwear_0052.jpg,streetwear,soiree_networking,Tenue streetwear pour un contexte professionnel etudiant
images/streetwear/streetwear_0053.jpg,streetwear,presentation_projet,Tenue streetwear pour un contexte professionnel etudiant
images/streetwear/streetwear_0054.jpg,streetwear,presentation_projet,Tenue streetwear pour un contexte professionnel etudiant
images/streetwear/streetwear_0055.jpg,streetwear,entretien_embauche,Tenue streetwear pour un contexte professionnel etudiant
images/streetwear/streetwear_0056.jpg,streetwear,entretien_embauche,Tenue streetwear pour un contexte professionnel etudiant
images/streetwear/streetwear_0057.jpg,streetwear,journee_campus,Tenue streetwear pour un contexte professionnel etudiant
images/streetwear/streetwear_0058.jpg,streetwear,soiree_networking,Tenue streetwear pour un contexte professionnel etudiant
images/streetwear/streetwear_0059.jpg,streetwear,soiree_networking,Tenue streetwear pour un contexte professionnel etudiant
images/streetwear/streetwear_0060.jpg,streetwear,journee_campus,Tenue streetwear pour un contexte professionnel etudiant
images/streetwear/streetwear_0061.jpg,streetwear,journee_campus,Tenue streetwear pour un contexte professionnel etudiant
images/streetwear/streetwear_0062.jpg,streetwear,soiree_networking,Tenue streetwear pour un contexte professionnel etudiant
images/streetwear/streetwear_0063.jpg,streetwear,entretien_embauche,Tenue streetwear pour un contexte professionnel etudiant
images/streetwear/streetwear_0064.jpg,streetwear,presentation_projet,Tenue streetwear pour un contexte professionnel etudiant
images/streetwear/streetwear_0065.jpg,streetwear,journee_campus,Tenue streetwear pour un contexte professionnel etudiant
images/streetwear/streetwear_0066.jpg,streetwear,entretien_embauche,Tenue streetwear pour un contexte professionnel etudiant
images/streetwear/streetwear_0067.jpg,streetwear,presentation_projet,Tenue streetwear pour un contexte professionnel etudiant
images/streetwear/streetwear_0068.jpg,streetwear,entretien_embauche,Tenue streetwear pour un contexte professionnel etudiant
images/streetwear/streetwear_0069.jpg,streetwear,soiree_networking,Tenue streetwear pour un contexte professionnel etudiant
images/streetwear/streetwear_0070.jpg,streetwear,soiree_networking,Tenue streetwear pour un contexte professionnel etudiant
images/streetwear/streetwear_0071.jpg,streetwear,soiree_networking,Tenue streetwear pour un contexte professionnel etudiant
images/streetwear/streetwear_0072.jpg,streetwear,presentation_projet,Tenue streetwear pour un contexte professionnel etudiant
images/streetwear/streetwear_0073.jpg,streetwear,presentation_projet,Tenue streetwear pour un contexte professionnel etudiant
images/streetwear/streetwear_0074.jpg,streetwear,soiree_networking,Tenue streetwear pour un contexte professionnel etudiant
images/streetwear/streetwear_0075.jpg,streetwear,soiree_networking,Tenue streetwear pour un contexte professionnel etudiant
images/streetwear/streetwear_0076.jpg,streetwear,soiree_networking,Tenue streetwear pour un contexte professionnel etudiant
images/streetwear/streetwear_0077.jpg,streetwear,journee_campus,Tenue streetwear pour un contexte professionnel etudiant
images/streetwear/streetwear_0078.jpg,streetwear,entretien_embauche,Tenue streetwear pour un contexte professionnel etudiant
images/streetwear/streetwear_0079.jpg,streetwear,soiree_networking,Tenue streetwear pour un contexte professionnel etudiant
images/streetwear/streetwear_0080.jpg,streetwear,entretien_embauche,Tenue streetwear pour un contexte professionnel etudiant
images/streetwear/streetwear_0081.jpg,streetwear,soiree_networking,Tenue streetwear pour un contexte professionnel etudiant
images/streetwear/streetwear_0082.jpg,streetwear,entretien_embauche,Tenue streetwear pour un contexte professionnel etudiant
images/streetwear/streetwear_0083.jpg,streetwear,soiree_networking,Tenue streetwear pour un contexte professionnel etudiant
images/streetwear/streetwear_0084.jpg,streetwear,entretien_embauche,Tenue streetwear pour un contexte professionnel etudiant
images/streetwear/streetwear_0085.jpg,streetwear,soiree_networking,Tenue streetwear pour un contexte professionnel etudiant
images/streetwear/streetwear_0086.jpg,streetwear,entretien_embauche,Tenue streetwear pour un contexte professionnel etudiant
images/streetwear/streetwear_0087.jpg,streetwear,soiree_networking,Tenue streetwear pour un contexte professionnel etudiant
images/streetwear/streetwear_0088.jpg,streetwear,soiree_networking,Tenue streetwear pour un contexte professionnel etudiant
images/streetwear/streetwear_0089.jpg,streetwear,entretien_embauche,Tenue streetwear pour un contexte professionnel etudiant
images/streetwear/streetwear_0090.jpg,streetwear,journee_campus,Tenue streetwear pour un contexte professionnel etudiant
images/streetwear/streetwear_0091.jpg,streetwear,presentation_projet,Tenue streetwear pour un contexte professionnel etudiant
images/streetwear/streetwear_0092.jpg,streetwear,presentation_projet,Tenue streetwear pour un contexte professionnel etudiant
images/streetwear/streetwear_0093.jpg,streetwear,entretien_embauche,Tenue streetwear pour un contexte professionnel etudiant
images/streetwear/streetwear_0094.jpg,streetwear,soiree_networking,Tenue streetwear pour un contexte professionnel etudiant
images/streetwear/streetwear_0095.jpg,streetwear,soiree_networking,Tenue streetwear pour un contexte professionnel etudiant
images/streetwear/streetwear_0096.jpg,streetwear,journee_campus,Tenue streetwear pour un contexte professionnel etudiant
images/streetwear/streetwear_0097.jpg,streetwear,journee_campus,Tenue streetwear pour un contexte professionnel etudiant
images/streetwear/streetwear_0098.jpg,streetwear,entretien_embauche,Tenue streetwear pour un contexte professionnel etudiant
images/streetwear/streetwear_0099.jpg,streetwear,entretien_embauche,Tenue streetwear pour un contexte professionnel etudiant
images/sportswear/sportswear_0000.jpg,sportswear,entretien_embauche,Tenue sportswear pour un contexte professionnel etudiant
images/sportswear/sportswear_0001.jpg,sportswear,soiree_networking,Tenue sportswear pour un contexte professionnel etudiant
images/sportswear/sportswear_0002.jpg,sportswear,presentation_projet,Tenue sportswear pour un contexte professionnel etudiant
images/sportswear/sportswear_0003.jpg,sportswear,presentation_projet,Tenue sportswear pour un contexte professionnel etudiant
images/sportswear/sportswear_0004.jpg,sportswear,soiree_networking,Tenue sportswear pour un contexte professionnel etudiant
images/sportswear/sportswear_0005.jpg,sportswear,presentation_projet,Tenue sportswear pour un contexte professionnel etudiant
images/sportswear/sportswear_0006.jpg,sportswear,entretien_embauche,Tenue sportswear pour un contexte professionnel etudiant
images/sportswear/sportswear_0007.jpg,sportswear,soiree_networking,Tenue sportswear pour un contexte professionnel etudiant
images/sportswear/sportswear_0008.jpg,sportswear,presentation_projet,Tenue sportswear pour un contexte professionnel etudiant
images/sportswear/sportswear_0009.jpg,sportswear,journee_campus,Tenue sportswear pour un contexte professionnel etudiant
images/sportswear/sportswear_0010.jpg,sportswear,presentation_projet,Tenue sportswear pour un contexte professionnel etudiant
images/sportswear/sportswear_0011.jpg,sportswear,entretien_embauche,Tenue sportswear pour un contexte professionnel etudiant
images/sportswear/sportswear_0012.jpg,sportswear,soiree_networking,Tenue sportswear pour un contexte professionnel etudiant
images/sportswear/sportswear_0013.jpg,sportswear,journee_campus,Tenue sportswear pour un contexte professionnel etudiant
images/sportswear/sportswear_0014.jpg,sportswear,soiree_networking,Tenue sportswear pour un contexte professionnel etudiant
images/sportswear/sportswear_0015.jpg,sportswear,journee_campus,Tenue sportswear pour un contexte professionnel etudiant
images/sportswear/sportswear_0016.jpg,sportswear,journee_campus,Tenue sportswear pour un contexte professionnel etudiant
images/sportswear/sportswear_0017.jpg,sportswear,journee_campus,Tenue sportswear pour un contexte professionnel etudiant
images/sportswear/sportswear_0018.jpg,sportswear,soiree_networking,Tenue sportswear pour un contexte professionnel etudiant
images/sportswear/sportswear_0019.jpg,sportswear,presentation_projet,Tenue sportswear pour un contexte professionnel etudiant
images/sportswear/sportswear_0020.jpg,sportswear,presentation_projet,Tenue sportswear pour un contexte professionnel etudiant
images/sportswear/sportswear_0021.jpg,sportswear,journee_campus,Tenue sportswear pour un contexte professionnel etudiant
images/sportswear/sportswear_0022.jpg,sportswear,soiree_networking,Tenue sportswear pour un contexte professionnel etudiant
images/sportswear/sportswear_0023.jpg,sportswear,journee_campus,Tenue sportswear pour un contexte professionnel etudiant
images/sportswear/sportswear_0024.jpg,sportswear,presentation_projet,Tenue sportswear pour un contexte professionnel etudiant
images/sportswear/sportswear_0025.jpg,sportswear,soiree_networking,Tenue sportswear pour un contexte professionnel etudiant
images/sportswear/sportswear_0026.jpg,sportswear,soiree_networking,Tenue sportswear pour un contexte professionnel etudiant
images/sportswear/sportswear_0027.jpg,sportswear,presentation_projet,Tenue sportswear pour un contexte professionnel etudiant
images/sportswear/sportswear_0028.jpg,sportswear,journee_campus,Tenue sportswear pour un contexte professionnel etudiant
images/sportswear/sportswear_0029.jpg,sportswear,presentation_projet,Tenue sportswear pour un contexte professionnel etudiant
images/sportswear/sportswear_0030.jpg,sportswear,entretien_embauche,Tenue sportswear pour un contexte professionnel etudiant
images/sportswear/sportswear_0031.jpg,sportswear,entretien_embauche,Tenue sportswear pour un contexte professionnel etudiant
images/sportswear/sportswear_0032.jpg,sportswear,entretien_embauche,Tenue sportswear pour un contexte professionnel etudiant
images/sportswear/sportswear_0033.jpg,sportswear,journee_campus,Tenue sportswear pour un contexte professionnel etudiant
images/sportswear/sportswear_0034.jpg,sportswear,soiree_networking,Tenue sportswear pour un contexte professionnel etudiant
images/sportswear/sportswear_0035.jpg,sportswear,entretien_embauche,Tenue sportswear pour un contexte professionnel etudiant
images/sportswear/sportswear_0036.jpg,sportswear,presentation_projet,Tenue sportswear pour un contexte professionnel etudiant
images/sportswear/sportswear_0037.jpg,sportswear,journee_campus,Tenue sportswear pour un contexte professionnel etudiant
images/sportswear/sportswear_0038.jpg,sportswear,soiree_networking,Tenue sportswear pour un contexte professionnel etudiant
images/sportswear/sportswear_0039.jpg,sportswear,presentation_projet,Tenue sportswear pour un contexte professionnel etudiant
images/sportswear/sportswear_0040.jpg,sportswear,soiree_networking,Tenue sportswear pour un contexte professionnel etudiant
images/sportswear/sportswear_0041.jpg,sportswear,journee_campus,Tenue sportswear pour un contexte professionnel etudiant
images/sportswear/sportswear_0042.jpg,sportswear,soiree_networking,Tenue sportswear pour un contexte professionnel etudiant
images/sportswear/sportswear_0043.jpg,sportswear,entretien_embauche,Tenue sportswear pour un contexte professionnel etudiant
images/sportswear/sportswear_0044.jpg,sportswear,journee_campus,Tenue sportswear pour un contexte professionnel etudiant
images/sportswear/sportswear_0045.jpg,sportswear,presentation_projet,Tenue sportswear pour un contexte professionnel etudiant
images/sportswear/sportswear_0046.jpg,sportswear,presentation_projet,Tenue sportswear pour un contexte professionnel etudiant
images/sportswear/sportswear_0047.jpg,sportswear,entretien_embauche,Tenue sportswear pour un contexte professionnel etudiant
images/sportswear/sportswear_0048.jpg,sportswear,journee_campus,Tenue sportswear pour un contexte professionnel etudiant
images/sportswear/sportswear_0049.jpg,sportswear,soiree_networking,Tenue sportswear pour un contexte professionnel etudiant
images/sportswear/sportswear_0050.jpg,sportswear,presentation_projet,Tenue sportswear pour un contexte professionnel etudiant
images/sportswear/sportswear_0051.jpg,sportswear,soiree_networking,Tenue sportswear pour un contexte professionnel etudiant
images/sportswear/sportswear_0052.jpg,sportswear,presentation_projet,Tenue sportswear pour un contexte professionnel etudiant
images/sportswear/sportswear_0053.jpg,sportswear,journee_campus,Tenue sportswear pour un contexte professionnel etudiant
images/sportswear/sportswear_0054.jpg,sportswear,entretien_embauche,Tenue sportswear pour un contexte professionnel etudiant
images/sportswear/sportswear_0055.jpg,sportswear,entretien_embauche,Tenue sportswear pour un contexte professionnel etudiant
images/sportswear/sportswear_0056.jpg,sportswear,journee_campus,Tenue sportswear pour un contexte professionnel etudiant
images/sportswear/sportswear_0057.jpg,sportswear,entretien_embauche,Tenue sportswear pour un contexte professionnel etudiant
images/sportswear/sportswear_0058.jpg,sportswear,journee_campus,Tenue sportswear pour un contexte professionnel etudiant
images/sportswear/sportswear_0059.jpg,sportswear,soiree_networking,Tenue sportswear pour un contexte professionnel etudiant
images/sportswear/sportswear_0060.jpg,sportswear,soiree_networking,Tenue sportswear pour un contexte professionnel etudiant
images/sportswear/sportswear_0061.jpg,sportswear,soiree_networking,Tenue sportswear pour un contexte professionnel etudiant
images/sportswear/sportswear_0062.jpg,sportswear,presentation_projet,Tenue sportswear pour un contexte professionnel etudiant
images/sportswear/sportswear_0063.jpg,sportswear,soiree_networking,Tenue sportswear pour un contexte professionnel etudiant
images/sportswear/sportswear_0064.jpg,sportswear,journee_campus,Tenue sportswear pour un contexte professionnel etudiant
images/sportswear/sportswear_0065.jpg,sportswear,journee_campus,Tenue sportswear pour un contexte professionnel etudiant
images/sportswear/sportswear_0066.jpg,sportswear,presentation_projet,Tenue sportswear pour un contexte professionnel etudiant
images/sportswear/sportswear_0067.jpg,sportswear,soiree_networking,Tenue sportswear pour un contexte professionnel etudiant
images/sportswear/sportswear_0068.jpg,sportswear,journee_campus,Tenue sportswear pour un contexte professionnel etudiant
images/sportswear/sportswear_0069.jpg,sportswear,journee_campus,Tenue sportswear pour un contexte professionnel etudiant
images/sportswear/sportswear_0070.jpg,sportswear,entretien_embauche,Tenue sportswear pour un contexte professionnel etudiant
images/sportswear/sportswear_0071.jpg,sportswear,soiree_networking,Tenue sportswear pour un contexte professionnel etudiant
images/sportswear/sportswear_0072.jpg,sportswear,presentation_projet,Tenue sportswear pour un contexte professionnel etudiant
images/sportswear/sportswear_0073.jpg,sportswear,soiree_networking,Tenue sportswear pour un contexte professionnel etudiant
images/sportswear/sportswear_0074.jpg,sportswear,soiree_networking,Tenue sportswear pour un contexte professionnel etudiant
images/sportswear/sportswear_0075.jpg,sportswear,soiree_networking,Tenue sportswear pour un contexte professionnel etudiant
images/sportswear/sportswear_0076.jpg,sportswear,presentation_projet,Tenue sportswear pour un contexte professionnel etudiant
images/sportswear/sportswear_0077.jpg,sportswear,soiree_networking,Tenue sportswear pour un contexte professionnel etudiant
images/sportswear/sportswear_0078.jpg,sportswear,presentation_projet,Tenue sportswear pour un contexte professionnel etudiant
images/sportswear/sportswear_0079.jpg,sportswear,soiree_networking,Tenue sportswear pour un contexte professionnel etudiant
images/sportswear/sportswear_0080.jpg,sportswear,presentation_projet,Tenue sportswear pour un contexte professionnel etudiant
images/sportswear/sportswear_0081.jpg,sportswear,presentation_projet,Tenue sportswear pour un contexte professionnel etudiant
images/sportswear/sportswear_0082.jpg,sportswear,soiree_networking,Tenue sportswear pour un contexte professionnel etudiant
images/sportswear/sportswear_0083.jpg,sportswear,soiree_networking,Tenue sportswear pour un contexte professionnel etudiant
images/sportswear/sportswear_0084.jpg,sportswear,journee_campus,Tenue sportswear pour un contexte professionnel etudiant
images/sportswear/sportswear_0085.jpg,sportswear,journee_campus,Tenue sportswear pour un contexte professionnel etudiant
images/sportswear/sportswear_0086.jpg,sportswear,entretien_embauche,Tenue sportswear pour un contexte professionnel etudiant
images/sportswear/sportswear_0087.jpg,sportswear,entretien_embauche,Tenue sportswear pour un contexte professionnel etudiant
images/sportswear/sportswear_0088.jpg,sportswear,soiree_networking,Tenue sportswear pour un contexte professionnel etudiant
images/sportswear/sportswear_0089.jpg,sportswear,presentation_projet,Tenue sportswear pour un contexte professionnel etudiant
images/sportswear/sportswear_0090.jpg,sportswear,entretien_embauche,Tenue sportswear pour un contexte professionnel etudiant
images/sportswear/sportswear_0091.jpg,sportswear,entretien_embauche,Tenue sportswear pour un contexte professionnel etudiant
images/sportswear/sportswear_0092.jpg,sportswear,presentation_projet,Tenue sportswear pour un contexte professionnel etudiant
images/sportswear/sportswear_0093.jpg,sportswear,soiree_networking,Tenue sportswear pour un contexte professionnel etudiant
images/sportswear/sportswear_0094.jpg,sportswear,soiree_networking,Tenue sportswear pour un contexte professionnel etudiant
images/sportswear/sportswear_0095.jpg,sportswear,entretien_embauche,Tenue sportswear pour un contexte professionnel etudiant
images/sportswear/sportswear_0096.jpg,sportswear,entretien_embauche,Tenue sportswear pour un contexte professionnel etudiant
images/sportswear/sportswear_0097.jpg,sportswear,entretien_embauche,Tenue sportswear pour un contexte professionnel etudiant
images/sportswear/sportswear_0098.jpg,sportswear,soiree_networking,Tenue sportswear pour un contexte professionnel etudiant
images/sportswear/sportswear_0099.jpg,sportswear,entretien_embauche,Tenue sportswear pour un contexte professionnel etudiant
images/boheme/boheme_0000.jpg,boheme,entretien_embauche,Tenue boheme pour un contexte professionnel etudiant
images/boheme/boheme_0001.jpg,boheme,journee_campus,Tenue boheme pour un contexte professionnel etudiant
images/boheme/boheme_0002.jpg,boheme,journee_campus,Tenue boheme pour un contexte professionnel etudiant
images/boheme/boheme_0003.jpg,boheme,journee_campus,Tenue boheme pour un contexte professionnel etudiant
images/boheme/boheme_0004.jpg,boheme,presentation_projet,Tenue boheme pour un contexte professionnel etudiant
images/boheme/boheme_0005.jpg,boheme,entretien_embauche,Tenue boheme pour un contexte professionnel etudiant
images/boheme/boheme_0006.jpg,boheme,journee_campus,Tenue boheme pour un contexte professionnel etudiant
images/boheme/boheme_0007.jpg,boheme,soiree_networking,Tenue boheme pour un contexte professionnel etudiant
images/boheme/boheme_0008.jpg,boheme,presentation_projet,Tenue boheme pour un contexte professionnel etudiant
images/boheme/boheme_0009.jpg,boheme,journee_campus,Tenue boheme pour un contexte professionnel etudiant
images/boheme/boheme_0010.jpg,boheme,journee_campus,Tenue boheme pour un contexte professionnel etudiant
images/boheme/boheme_0011.jpg,boheme,journee_campus,Tenue boheme pour un contexte professionnel etudiant
images/boheme/boheme_0012.jpg,boheme,journee_campus,Tenue boheme pour un contexte professionnel etudiant
images/boheme/boheme_0013.jpg,boheme,soiree_networking,Tenue boheme pour un contexte professionnel etudiant
images/boheme/boheme_0014.jpg,boheme,entretien_embauche,Tenue boheme pour un contexte professionnel etudiant
images/boheme/boheme_0015.jpg,boheme,soiree_networking,Tenue boheme pour un contexte professionnel etudiant
images/boheme/boheme_0016.jpg,boheme,journee_campus,Tenue boheme pour un contexte professionnel etudiant
images/boheme/boheme_0017.jpg,boheme,entretien_embauche,Tenue boheme pour un contexte professionnel etudiant
images/boheme/boheme_0018.jpg,boheme,soiree_networking,Tenue boheme pour un contexte professionnel etudiant
images/boheme/boheme_0019.jpg,boheme,entretien_embauche,Tenue boheme pour un contexte professionnel etudiant
images/boheme/boheme_0020.jpg,boheme,soiree_networking,Tenue boheme pour un contexte professionnel etudiant
images/boheme/boheme_0021.jpg,boheme,presentation_projet,Tenue boheme pour un contexte professionnel etudiant
images/boheme/boheme_0022.jpg,boheme,presentation_projet,Tenue boheme pour un contexte professionnel etudiant
images/boheme/boheme_0023.jpg,boheme,presentation_projet,Tenue boheme pour un contexte professionnel etudiant
images/boheme/boheme_0024.jpg,boheme,soiree_networking,Tenue boheme pour un contexte professionnel etudiant
images/boheme/boheme_0025.jpg,boheme,journee_campus,Tenue boheme pour un contexte professionnel etudiant
images/boheme/boheme_0026.jpg,boheme,presentation_projet,Tenue boheme pour un contexte professionnel etudiant
images/boheme/boheme_0027.jpg,boheme,entretien_embauche,Tenue boheme pour un contexte professionnel etudiant
images/boheme/boheme_0028.jpg,boheme,journee_campus,Tenue boheme pour un contexte professionnel etudiant
images/boheme/boheme_0029.jpg,boheme,presentation_projet,Tenue boheme pour un contexte professionnel etudiant
images/boheme/boheme_0030.jpg,boheme,presentation_projet,Tenue boheme pour un contexte professionnel etudiant
images/boheme/boheme_0031.jpg,boheme,presentation_projet,Tenue boheme pour un contexte professionnel etudiant
images/boheme/boheme_0032.jpg,boheme,soiree_networking,Tenue boheme pour un contexte professionnel etudiant
images/boheme/boheme_0033.jpg,boheme,presentation_projet,Tenue boheme pour un contexte professionnel etudiant
images/boheme/boheme_0034.jpg,boheme,entretien_embauche,Tenue boheme pour un contexte professionnel etudiant
images/boheme/boheme_0035.jpg,boheme,presentation_projet,Tenue boheme pour un contexte professionnel etudiant
images/boheme/boheme_0036.jpg,boheme,soiree_networking,Tenue boheme pour un contexte professionnel etudiant
images/boheme/boheme_0037.jpg,boheme,soiree_networking,Tenue boheme pour un contexte professionnel etudiant
images/boheme/boheme_0038.jpg,boheme,presentation_projet,Tenue boheme pour un contexte professionnel etudiant
images/boheme/boheme_0039.jpg,boheme,presentation_projet,Tenue boheme pour un contexte professionnel etudiant
images/boheme/boheme_0040.jpg,boheme,soiree_networking,Tenue boheme pour un contexte professionnel etudiant
images/boheme/boheme_0041.jpg,boheme,presentation_projet,Tenue boheme pour un contexte professionnel etudiant
images/boheme/boheme_0042.jpg,boheme,presentation_projet,Tenue boheme pour un contexte professionnel etudiant
images/boheme/boheme_0043.jpg,boheme,journee_campus,Tenue boheme pour un contexte professionnel etudiant
images/boheme/boheme_0044.jpg,boheme,entretien_embauche,Tenue boheme pour un contexte professionnel etudiant
images/boheme/boheme_0045.jpg,boheme,entretien_embauche,Tenue boheme pour un contexte professionnel etudiant
images/boheme/boheme_0046.jpg,boheme,presentation_projet,Tenue boheme pour un contexte professionnel etudiant
images/boheme/boheme_0047.jpg,boheme,presentation_projet,Tenue boheme pour un contexte professionnel etudiant
images/boheme/boheme_0048.jpg,boheme,entretien_embauche,Tenue boheme pour un contexte professionnel etudiant
images/boheme/boheme_0049.jpg,boheme,journee_campus,Tenue boheme pour un contexte professionnel etudiant
images/boheme/boheme_0050.jpg,boheme,soiree_networking,Tenue boheme pour un contexte professionnel etudiant
images/boheme/boheme_0051.jpg,boheme,presentation_projet,Tenue boheme pour un contexte professionnel etudiant
images/boheme/boheme_0052.jpg,boheme,entretien_embauche,Tenue boheme pour un contexte professionnel etudiant
images/boheme/boheme_0053.jpg,boheme,entretien_embauche,Tenue boheme pour un contexte professionnel etudiant
images/boheme/boheme_0054.jpg,boheme,presentation_projet,Tenue boheme pour un contexte professionnel etudiant
images/boheme/boheme_0055.jpg,boheme,journee_campus,Tenue boheme pour un contexte professionnel etudiant
images/boheme/boheme_0056.jpg,boheme,presentation_projet,Tenue boheme pour un contexte professionnel etudiant
images/boheme/boheme_0057.jpg,boheme,soiree_networking,Tenue boheme pour un contexte professionnel etudiant
images/boheme/boheme_0058.jpg,boheme,journee_campus,Tenue boheme pour un contexte professionnel etudiant
images/boheme/boheme_0059.jpg,boheme,journee_campus,Tenue boheme pour un contexte professionnel etudiant
images/boheme/boheme_0060.jpg,boheme,soiree_networking,Tenue boheme pour un contexte professionnel etudiant
images/boheme/boheme_0061.jpg,boheme,journee_campus,Tenue boheme pour un contexte professionnel etudiant
images/boheme/boheme_0062.jpg,boheme,entretien_embauche,Tenue boheme pour un contexte professionnel etudiant
images/boheme/boheme_0063.jpg,boheme,entretien_embauche,Tenue boheme pour un contexte professionnel etudiant
images/boheme/boheme_0064.jpg,boheme,presentation_projet,Tenue boheme pour un contexte professionnel etudiant
images/boheme/boheme_0065.jpg,boheme,presentation_projet,Tenue boheme pour un contexte professionnel etudiant
images/boheme/boheme_0066.jpg,boheme,entretien_embauche,Tenue boheme pour un contexte professionnel etudiant
images/boheme/boheme_0067.jpg,boheme,entretien_embauche,Tenue boheme pour un contexte professionnel etudiant
images/boheme/boheme_0068.jpg,boheme,presentation_projet,Tenue boheme pour un contexte professionnel etudiant
images/boheme/boheme_0069.jpg,boheme,presentation_projet,Tenue boheme pour un contexte professionnel etudiant
images/boheme/boheme_0070.jpg,boheme,soiree_networking,Tenue boheme pour un contexte professionnel etudiant
images/boheme/boheme_0071.jpg,boheme,soiree_networking,Tenue boheme pour un contexte professionnel etudiant
images/boheme/boheme_0072.jpg,boheme,entretien_embauche,Tenue boheme pour un contexte professionnel etudiant
images/boheme/boheme_0073.jpg,boheme,journee_campus,Tenue boheme pour un contexte professionnel etudiant
images/boheme/boheme_0074.jpg,boheme,soiree_networking,Tenue boheme pour un contexte professionnel etudiant
images/boheme/boheme_0075.jpg,boheme,entretien_embauche,Tenue boheme pour un contexte professionnel etudiant
images/boheme/boheme_0076.jpg,boheme,entretien_embauche,Tenue boheme pour un contexte professionnel etudiant
images/boheme/boheme_0077.jpg,boheme,presentation_projet,Tenue boheme pour un contexte professionnel etudiant
images/boheme/boheme_0078.jpg,boheme,soiree_networking,Tenue boheme pour un contexte professionnel etudiant
images/boheme/boheme_0079.jpg,boheme,soiree_networking,Tenue boheme pour un contexte professionnel etudiant
images/boheme/boheme_0080.jpg,boheme,entretien_embauche,Tenue boheme pour un contexte professionnel etudiant
images/boheme/boheme_0081.jpg,boheme,presentation_projet,Tenue boheme pour un contexte professionnel etudiant
images/boheme/boheme_0082.jpg,boheme,soiree_networking,Tenue boheme pour un contexte professionnel etudiant
images/boheme/boheme_0083.jpg,boheme,presentation_projet,Tenue boheme pour un contexte professionnel etudiant
images/boheme/boheme_0084.jpg,boheme,journee_campus,Tenue boheme pour un contexte professionnel etudiant
images/boheme/boheme_0085.jpg,boheme,presentation_projet,Tenue boheme pour un contexte professionnel etudiant
images/boheme/boheme_0086.jpg,boheme,entretien_embauche,Tenue boheme pour un contexte professionnel etudiant
images/boheme/boheme_0087.jpg,boheme,journee_campus,Tenue boheme pour un contexte professionnel etudiant
images/boheme/boheme_0088.jpg,boheme,soiree_networking,Tenue boheme pour un contexte professionnel etudiant
images/boheme/boheme_0089.jpg,boheme,presentation_projet,Tenue boheme pour un contexte professionnel etudiant
images/boheme/boheme_0090.jpg,boheme,journee_campus,Tenue boheme pour un contexte professionnel etudiant
images/boheme/boheme_0091.jpg,boheme,entretien_embauche,Tenue boheme pour un contexte professionnel etudiant
images/boheme/boheme_0092.jpg,boheme,journee_campus,Tenue boheme pour un contexte professionnel etudiant
images/boheme/boheme_0093.jpg,boheme,presentation_projet,Tenue boheme pour un contexte professionnel etudiant
images/boheme/boheme_0094.jpg,boheme,journee_campus,Tenue boheme pour un contexte professionnel etudiant
images/boheme/boheme_0095.jpg,boheme,entretien_embauche,Tenue boheme pour un contexte professionnel etudiant
images/boheme/boheme_0096.jpg,boheme,soiree_networking,Tenue boheme pour un contexte professionnel etudiant
images/boheme/boheme_0097.jpg,boheme,soiree_networking,Tenue boheme pour un contexte professionnel etudiant
images/boheme/boheme_0098.jpg,boheme,journee_campus,Tenue boheme pour un contexte professionnel etudiant
images/boheme/boheme_0099.jpg,boheme,entretien_embauche,Tenue boheme pour un contexte professionnel etudiant
images/chic/chic_0000.jpg,chic,journee_campus,Tenue chic pour un contexte professionnel etudiant
images/chic/chic_0001.jpg,chic,journee_campus,Tenue chic pour un contexte professionnel etudiant
images/chic/chic_0002.jpg,chic,soiree_networking,Tenue chic pour un contexte professionnel etudiant
images/chic/chic_0003.jpg,chic,entretien_embauche,Tenue chic pour un contexte professionnel etudiant
images/chic/chic_0004.jpg,chic,journee_campus,Tenue chic pour un contexte professionnel etudiant
images/chic/chic_0005.jpg,chic,soiree_networking,Tenue chic pour un contexte professionnel etudiant
images/chic/chic_0006.jpg,chic,entretien_embauche,Tenue chic pour un contexte professionnel etudiant
images/chic/chic_0007.jpg,chic,journee_campus,Tenue chic pour un contexte professionnel etudiant
images/chic/chic_0008.jpg,chic,journee_campus,Tenue chic pour un contexte professionnel etudiant
images/chic/chic_0009.jpg,chic,presentation_projet,Tenue chic pour un contexte professionnel etudiant
images/chic/chic_0010.jpg,chic,soiree_networking,Tenue chic pour un contexte professionnel etudiant
images/chic/chic_0011.jpg,chic,entretien_embauche,Tenue chic pour un contexte professionnel etudiant
images/chic/chic_0012.jpg,chic,soiree_networking,Tenue chic pour un contexte professionnel etudiant
images/chic/chic_0013.jpg,chic,soiree_networking,Tenue chic pour un contexte professionnel etudiant
images/chic/chic_0014.jpg,chic,soiree_networking,Tenue chic pour un contexte professionnel etudiant
images/chic/chic_0015.jpg,chic,soiree_networking,Tenue chic pour un contexte professionnel etudiant
images/chic/chic_0016.jpg,chic,soiree_networking,Tenue chic pour un contexte professionnel etudiant
images/chic/chic_0017.jpg,chic,journee_campus,Tenue chic pour un contexte professionnel etudiant
images/chic/chic_0018.jpg,chic,journee_campus,Tenue chic pour un contexte professionnel etudiant
images/chic/chic_0019.jpg,chic,soiree_networking,Tenue chic pour un contexte professionnel etudiant
images/chic/chic_0020.jpg,chic,journee_campus,Tenue chic pour un contexte professionnel etudiant
images/chic/chic_0021.jpg,chic,journee_campus,Tenue chic pour un contexte professionnel etudiant
images/chic/chic_0022.jpg,chic,soiree_networking,Tenue chic pour un contexte professionnel etudiant
images/chic/chic_0023.jpg,chic,soiree_networking,Tenue chic pour un contexte professionnel etudiant
images/chic/chic_0024.jpg,chic,entretien_embauche,Tenue chic pour un contexte professionnel etudiant
images/chic/chic_0025.jpg,chic,presentation_projet,Tenue chic pour un contexte professionnel etudiant
images/chic/chic_0026.jpg,chic,journee_campus,Tenue chic pour un contexte professionnel etudiant
images/chic/chic_0027.jpg,chic,entretien_embauche,Tenue chic pour un contexte professionnel etudiant
images/chic/chic_0028.jpg,chic,journee_campus,Tenue chic pour un contexte professionnel etudiant
images/chic/chic_0029.jpg,chic,presentation_projet,Tenue chic pour un contexte professionnel etudiant
images/chic/chic_0030.jpg,chic,entretien_embauche,Tenue chic pour un contexte professionnel etudiant
images/chic/chic_0031.jpg,chic,entretien_embauche,Tenue chic pour un contexte professionnel etudiant
images/chic/chic_0032.jpg,chic,entretien_embauche,Tenue chic pour un contexte professionnel etudiant
images/chic/chic_0033.jpg,chic,presentation_projet,Tenue chic pour un contexte professionnel etudiant
images/chic/chic_0034.jpg,chic,journee_campus,Tenue chic pour un contexte professionnel etudiant
images/chic/chic_0035.jpg,chic,presentation_projet,Tenue chic pour un contexte professionnel etudiant
images/chic/chic_0036.jpg,chic,soiree_networking,Tenue chic pour un contexte professionnel etudiant
images/chic/chic_0037.jpg,chic,soiree_networking,Tenue chic pour un contexte professionnel etudiant
images/chic/chic_0038.jpg,chic,journee_campus,Tenue chic pour un contexte professionnel etudiant
images/chic/chic_0039.jpg,chic,entretien_embauche,Tenue chic pour un contexte professionnel etudiant
images/chic/chic_0040.jpg,chic,presentation_projet,Tenue chic pour un contexte professionnel etudiant
images/chic/chic_0041.jpg,chic,presentation_projet,Tenue chic pour un contexte professionnel etudiant
images/chic/chic_0042.jpg,chic,presentation_projet,Tenue chic pour un contexte professionnel etudiant
images/chic/chic_0043.jpg,chic,journee_campus,Tenue chic pour un contexte professionnel etudiant
images/chic/chic_0044.jpg,chic,presentation_projet,Tenue chic pour un contexte professionnel etudiant
images/chic/chic_0045.jpg,chic,soiree_networking,Tenue chic pour un contexte professionnel etudiant
images/chic/chic_0046.jpg,chic,presentation_projet,Tenue chic pour un contexte professionnel etudiant
images/chic/chic_0047.jpg,chic,journee_campus,Tenue chic pour un contexte professionnel etudiant
images/chic/chic_0048.jpg,chic,soiree_networking,Tenue chic pour un contexte professionnel etudiant
images/chic/chic_0049.jpg,chic,entretien_embauche,Tenue chic pour un contexte professionnel etudiant
images/chic/chic_0050.jpg,chic,soiree_networking,Tenue chic pour un contexte professionnel etudiant
images/chic/chic_0051.jpg,chic,presentation_projet,Tenue chic pour un contexte professionnel etudiant
images/chic/chic_0052.jpg,chic,soiree_networking,Tenue chic pour un contexte professionnel etudiant
images/chic/chic_0053.jpg,chic,soiree_networking,Tenue chic pour un contexte professionnel etudiant
images/chic/chic_0054.jpg,chic,soiree_networking,Tenue chic pour un contexte professionnel etudiant
images/chic/chic_0055.jpg,chic,journee_campus,Tenue chic pour un contexte professionnel etudiant
images/chic/chic_0056.jpg,chic,entretien_embauche,Tenue chic pour un contexte professionnel etudiant
images/chic/chic_0057.jpg,chic,entretien_embauche,Tenue chic pour un contexte professionnel etudiant
images/chic/chic_0058.jpg,chic,presentation_projet,Tenue chic pour un contexte professionnel etudiant
images/chic/chic_0059.jpg,chic,journee_campus,Tenue chic pour un contexte professionnel etudiant
images/chic/chic_0060.jpg,chic,journee_campus,Tenue chic pour un contexte professionnel etudiant
images/chic/chic_0061.jpg,chic,presentation_projet,Tenue chic pour un contexte professionnel etudiant
images/chic/chic_0062.jpg,chic,soiree_networking,Tenue chic pour un contexte professionnel etudiant
images/chic/chic_0063.jpg,chic,soiree_networking,Tenue chic pour un contexte professionnel etudiant
images/chic/chic_0064.jpg,chic,journee_campus,Tenue chic pour un contexte professionnel etudiant
images/chic/chic_0065.jpg,chic,entretien_embauche,Tenue chic pour un contexte professionnel etudiant
images/chic/chic_0066.jpg,chic,soiree_networking,Tenue chic pour un contexte professionnel etudiant
images/chic/chic_0067.jpg,chic,soiree_networking,Tenue chic pour un contexte professionnel etudiant
images/chic/chic_0068.jpg,chic,journee_campus,Tenue chic pour un contexte professionnel etudiant
images/chic/chic_0069.jpg,chic,soiree_networking,Tenue chic pour un contexte professionnel etudiant
images/chic/chic_0070.jpg,chic,entretien_embauche,Tenue chic pour un contexte professionnel etudiant
images/chic/chic_0071.jpg,chic,presentation_projet,Tenue chic pour un contexte professionnel etudiant
images/chic/chic_0072.jpg,chic,soiree_networking,Tenue chic pour un contexte professionnel etudiant
images/chic/chic_0073.jpg,chic,soiree_networking,Tenue chic pour un contexte professionnel etudiant
images/chic/chic_0074.jpg,chic,presentation_projet,Tenue chic pour un contexte professionnel etudiant
images/chic/chic_0075.jpg,chic,soiree_networking,Tenue chic pour un contexte professionnel etudiant
images/chic/chic_0076.jpg,chic,presentation_projet,Tenue chic pour un contexte professionnel etudiant
images/chic/chic_0077.jpg,chic,presentation_projet,Tenue chic pour un contexte professionnel etudiant
images/chic/chic_0078.jpg,chic,entretien_embauche,Tenue chic pour un contexte professionnel etudiant
images/chic/chic_0079.jpg,chic,journee_campus,Tenue chic pour un contexte professionnel etudiant
images/chic/chic_0080.jpg,chic,soiree_networking,Tenue chic pour un contexte professionnel etudiant
images/chic/chic_0081.jpg,chic,presentation_projet,Tenue chic pour un contexte professionnel etudiant
images/chic/chic_0082.jpg,chic,journee_campus,Tenue chic pour un contexte professionnel etudiant
images/chic/chic_0083.jpg,chic,entretien_embauche,Tenue chic pour un contexte professionnel etudiant
images/chic/chic_0084.jpg,chic,soiree_networking,Tenue chic pour un contexte professionnel etudiant
images/chic/chic_0085.jpg,chic,soiree_networking,Tenue chic pour un contexte professionnel etudiant
images/chic/chic_0086.jpg,chic,journee_campus,Tenue chic pour un contexte professionnel etudiant
images/chic/chic_0087.jpg,chic,entretien_embauche,Tenue chic pour un contexte professionnel etudiant
images/chic/chic_0088.jpg,chic,journee_campus,Tenue chic pour un contexte professionnel etudiant
images/chic/chic_0089.jpg,chic,presentation_projet,Tenue chic pour un contexte professionnel etudiant
images/chic/chic_0090.jpg,chic,entretien_embauche,Tenue chic pour un contexte professionnel etudiant
images/chic/chic_0091.jpg,chic,journee_campus,Tenue chic pour un contexte professionnel etudiant
images/chic/chic_0092.jpg,chic,presentation_projet,Tenue chic pour un contexte professionnel etudiant
images/chic/chic_0093.jpg,chic,journee_campus,Tenue chic pour un contexte professionnel etudiant
images/chic/chic_0094.jpg,chic,presentation_projet,Tenue chic pour un contexte professionnel etudiant
images/chic/chic_0095.jpg,chic,soiree_networking,Tenue chic pour un contexte professionnel etudiant
images/chic/chic_0096.jpg,chic,entretien_embauche,Tenue chic pour un contexte professionnel etudiant
images/chic/chic_0097.jpg,chic,entretien_embauche,Tenue chic pour un contexte professionnel etudiant
images/chic/chic_0098.jpg,chic,entretien_embauche,Tenue chic pour un contexte professionnel etudiant
images/chic/chic_0099.jpg,chic,journee_campus,Tenue chic pour un contexte professionnel etudiant
images/minimaliste/minimaliste_0000.jpg,minimaliste,soiree_networking,Tenue minimaliste pour un contexte professionnel etudiant
images/minimaliste/minimaliste_0001.jpg,minimaliste,journee_campus,Tenue minimaliste pour un contexte professionnel etudiant
images/minimaliste/minimaliste_0002.jpg,minimaliste,presentation_projet,Tenue minimaliste pour un contexte professionnel etudiant
images/minimaliste/minimaliste_0003.jpg,minimaliste,entretien_embauche,Tenue minimaliste pour un contexte professionnel etudiant
images/minimaliste/minimaliste_0004.jpg,minimaliste,presentation_projet,Tenue minimaliste pour un contexte professionnel etudiant
images/minimaliste/minimaliste_0005.jpg,minimaliste,entretien_embauche,Tenue minimaliste pour un contexte professionnel etudiant
images/minimaliste/minimaliste_0006.jpg,minimaliste,soiree_networking,Tenue minimaliste pour un contexte professionnel etudiant
images/minimaliste/minimaliste_0007.jpg,minimaliste,entretien_embauche,Tenue minimaliste pour un contexte professionnel etudiant
images/minimaliste/minimaliste_0008.jpg,minimaliste,entretien_embauche,Tenue minimaliste pour un contexte professionnel etudiant
images/minimaliste/minimaliste_0009.jpg,minimaliste,presentation_projet,Tenue minimaliste pour un contexte professionnel etudiant
images/minimaliste/minimaliste_0010.jpg,minimaliste,journee_campus,Tenue minimaliste pour un contexte professionnel etudiant
images/minimaliste/minimaliste_0011.jpg,minimaliste,journee_campus,Tenue minimaliste pour un contexte professionnel etudiant
images/minimaliste/minimaliste_0012.jpg,minimaliste,journee_campus,Tenue minimaliste pour un contexte professionnel etudiant
images/minimaliste/minimaliste_0013.jpg,minimaliste,soiree_networking,Tenue minimaliste pour un contexte professionnel etudiant
images/minimaliste/minimaliste_0014.jpg,minimaliste,soiree_networking,Tenue minimaliste pour un contexte professionnel etudiant
images/minimaliste/minimaliste_0015.jpg,minimaliste,journee_campus,Tenue minimaliste pour un contexte professionnel etudiant
images/minimaliste/minimaliste_0016.jpg,minimaliste,entretien_embauche,Tenue minimaliste pour un contexte professionnel etudiant
images/minimaliste/minimaliste_0017.jpg,minimaliste,journee_campus,Tenue minimaliste pour un contexte professionnel etudiant
images/minimaliste/minimaliste_0018.jpg,minimaliste,soiree_networking,Tenue minimaliste pour un contexte professionnel etudiant
images/minimaliste/minimaliste_0019.jpg,minimaliste,entretien_embauche,Tenue minimaliste pour un contexte professionnel etudiant
images/minimaliste/minimaliste_0020.jpg,minimaliste,entretien_embauche,Tenue minimaliste pour un contexte professionnel etudiant
images/minimaliste/minimaliste_0021.jpg,minimaliste,presentation_projet,Tenue minimaliste pour un contexte professionnel etudiant
images/minimaliste/minimaliste_0022.jpg,minimaliste,presentation_projet,Tenue minimaliste pour un contexte professionnel etudiant
images/minimaliste/minimaliste_0023.jpg,minimaliste,entretien_embauche,Tenue minimaliste pour un contexte professionnel etudiant
images/minimaliste/minimaliste_0024.jpg,minimaliste,journee_campus,Tenue minimaliste pour un contexte professionnel etudiant
images/minimaliste/minimaliste_0025.jpg,minimaliste,journee_campus,Tenue minimaliste pour un contexte professionnel etudiant
images/minimaliste/minimaliste_0026.jpg,minimaliste,presentation_projet,Tenue minimaliste pour un contexte professionnel etudiant
images/minimaliste/minimaliste_0027.jpg,minimaliste,soiree_networking,Tenue minimaliste pour un contexte professionnel etudiant
images/minimaliste/minimaliste_0028.jpg,minimaliste,soiree_networking,Tenue minimaliste pour un contexte professionnel etudiant
images/minimaliste/minimaliste_0029.jpg,minimaliste,entretien_embauche,Tenue minimaliste pour un contexte professionnel etudiant
images/minimaliste/minimaliste_0030.jpg,minimaliste,soiree_networking,Tenue minimaliste pour un contexte professionnel etudiant
images/minimaliste/minimaliste_0031.jpg,minimaliste,journee_campus,Tenue minimaliste pour un contexte professionnel etudiant
images/minimaliste/minimaliste_0032.jpg,minimaliste,entretien_embauche,Tenue minimaliste pour un contexte professionnel etudiant
images/minimaliste/minimaliste_0033.jpg,minimaliste,presentation_projet,Tenue minimaliste pour un contexte professionnel etudiant
images/minimaliste/minimaliste_0034.jpg,minimaliste,journee_campus,Tenue minimaliste pour un contexte professionnel etudiant
images/minimaliste/minimaliste_0035.jpg,minimaliste,soiree_networking,Tenue minimaliste pour un contexte professionnel etudiant
images/minimaliste/minimaliste_0036.jpg,minimaliste,entretien_embauche,Tenue minimaliste pour un contexte professionnel etudiant
images/minimaliste/minimaliste_0037.jpg,minimaliste,presentation_projet,Tenue minimaliste pour un contexte professionnel etudiant
images/minimaliste/minimaliste_0038.jpg,minimaliste,presentation_projet,Tenue minimaliste pour un contexte professionnel etudiant
images/minimaliste/minimaliste_0039.jpg,minimaliste,entretien_embauche,Tenue minimaliste pour un contexte professionnel etudiant
images/minimaliste/minimaliste_0040.jpg,minimaliste,journee_campus,Tenue minimaliste pour un contexte professionnel etudiant
images/minimaliste/minimaliste_0041.jpg,minimaliste,journee_campus,Tenue minimaliste pour un contexte professionnel etudiant
images/minimaliste/minimaliste_0042.jpg,minimaliste,soiree_networking,Tenue minimaliste pour un contexte professionnel etudiant
images/minimaliste/minimaliste_0043.jpg,minimaliste,entretien_embauche,Tenue minimaliste pour un contexte professionnel etudiant
images/minimaliste/minimaliste_0044.jpg,minimaliste,presentation_projet,Tenue minimaliste pour un contexte professionnel etudiant
images/minimaliste/minimaliste_0045.jpg,minimaliste,presentation_projet,Tenue minimaliste pour un contexte professionnel etudiant
images/minimaliste/minimaliste_0046.jpg,minimaliste,presentation_projet,Tenue minimaliste pour un contexte professionnel etudiant
images/minimaliste/minimaliste_0047.jpg,minimaliste,entretien_embauche,Tenue minimaliste pour un contexte professionnel etudiant
images/minimaliste/minimaliste_0048.jpg,minimaliste,presentation_projet,Tenue minimaliste pour un contexte professionnel etudiant
images/minimaliste/minimaliste_0049.jpg,minimaliste,entretien_embauche,Tenue minimaliste pour un contexte professionnel etudiant
images/minimaliste/minimaliste_0050.jpg,minimaliste,journee_campus,Tenue minimaliste pour un contexte professionnel etudiant
images/minimaliste/minimaliste_0051.jpg,minimaliste,entretien_embauche,Tenue minimaliste pour un contexte professionnel etudiant
images/minimaliste/minimaliste_0052.jpg,minimaliste,presentation_projet,Tenue minimaliste pour un contexte professionnel etudiant
images/minimaliste/minimaliste_0053.jpg,minimaliste,presentation_projet,Tenue minimaliste pour un contexte professionnel etudiant
images/minimaliste/minimaliste_0054.jpg,minimaliste,soiree_networking,Tenue minimaliste pour un contexte professionnel etudiant
images/minimaliste/minimaliste_0055.jpg,minimaliste,entretien_embauche,Tenue minimaliste pour un contexte professionnel etudiant
images/minimaliste/minimaliste_0056.jpg,minimaliste,entretien_embauche,Tenue minimaliste pour un contexte professionnel etudiant
images/minimaliste/minimaliste_0057.jpg,minimaliste,presentation_projet,Tenue minimaliste pour un contexte professionnel etudiant
images/minimaliste/minimaliste_0058.jpg,minimaliste,entretien_embauche,Tenue minimaliste pour un contexte professionnel etudiant
images/minimaliste/minimaliste_0059.jpg,minimaliste,presentation_projet,Tenue minimaliste pour un contexte professionnel etudiant
images/minimaliste/minimaliste_0060.jpg,minimaliste,entretien_embauche,Tenue minimaliste pour un contexte professionnel etudiant
images/minimaliste/minimaliste_0061.jpg,minimaliste,presentation_projet,Tenue minimaliste pour un contexte professionnel etudiant
images/minimaliste/minimaliste_0062.jpg,minimaliste,journee_campus,Tenue minimaliste pour un contexte professionnel etudiant
images/minimaliste/minimaliste_0063.jpg,minimaliste,soiree_networking,Tenue minimaliste pour un contexte professionnel etudiant
images/minimaliste/minimaliste_0064.jpg,minimaliste,soiree_networking,Tenue minimaliste pour un contexte professionnel etudiant
images/minimaliste/minimaliste_0065.jpg,minimaliste,journee_campus,Tenue minimaliste pour un contexte professionnel etudiant
images/minimaliste/minimaliste_0066.jpg,minimaliste,entretien_embauche,Tenue minimaliste pour un contexte professionnel etudiant
images/minimaliste/minimaliste_0067.jpg,minimaliste,soiree_networking,Tenue minimaliste pour un contexte professionnel etudiant
images/minimaliste/minimaliste_0068.jpg,minimaliste,journee_campus,Tenue minimaliste pour un contexte professionnel etudiant
images/minimaliste/minimaliste_0069.jpg,minimaliste,soiree_networking,Tenue minimaliste pour un contexte professionnel etudiant
images/minimaliste/minimaliste_0070.jpg,minimaliste,presentation_projet,Tenue minimaliste pour un contexte professionnel etudiant
images/minimaliste/minimaliste_0071.jpg,minimaliste,entretien_embauche,Tenue minimaliste pour un contexte professionnel etudiant
images/minimaliste/minimaliste_0072.jpg,minimaliste,journee_campus,Tenue minimaliste pour un contexte professionnel etudiant
images/minimaliste/minimaliste_0073.jpg,minimaliste,presentation_projet,Tenue minimaliste pour un contexte professionnel etudiant
images/minimaliste/minimaliste_0074.jpg,minimaliste,presentation_projet,Tenue minimaliste pour un contexte professionnel etudiant
images/minimaliste/minimaliste_0075.jpg,minimaliste,entretien_embauche,Tenue minimaliste pour un contexte professionnel etudiant
images/minimaliste/minimaliste_0076.jpg,minimaliste,soiree_networking,Tenue minimaliste pour un contexte professionnel etudiant
images/minimaliste/minimaliste_0077.jpg,minimaliste,presentation_projet,Tenue minimaliste pour un contexte professionnel etudiant
images/minimaliste/minimaliste_0078.jpg,minimaliste,journee_campus,Tenue minimaliste pour un contexte professionnel etudiant
images/minimaliste/minimaliste_0079.jpg,minimaliste,entretien_embauche,Tenue minimaliste pour un contexte professionnel etudiant
images/minimaliste/minimaliste_0080.jpg,minimaliste,soiree_networking,Tenue minimaliste pour un contexte professionnel etudiant
images/minimaliste/minimaliste_0081.jpg,minimaliste,presentation_projet,Tenue minimaliste pour un contexte professionnel etudiant
images/minimaliste/minimaliste_0082.jpg,minimaliste,entretien_embauche,Tenue minimaliste pour un contexte professionnel etudiant
images/minimaliste/minimaliste_0083.jpg,minimaliste,entretien_embauche,Tenue minimaliste pour un contexte professionnel etudiant
images/minimaliste/minimaliste_0084.jpg,minimaliste,journee_campus,Tenue minimaliste pour un contexte professionnel etudiant
images/minimaliste/minimaliste_0085.jpg,minimaliste,soiree_networking,Tenue minimaliste pour un contexte professionnel etudiant
images/minimaliste/minimaliste_0086.jpg,minimaliste,presentation_projet,Tenue minimaliste pour un contexte professionnel etudiant
images/minimaliste/minimaliste_0087.jpg,minimaliste,journee_campus,Tenue minimaliste pour un contexte professionnel etudiant
images/minimaliste/minimaliste_0088.jpg,minimaliste,journee_campus,Tenue minimaliste pour un contexte professionnel etudiant
images/minimaliste/minimaliste_0089.jpg,minimaliste,entretien_embauche,Tenue minimaliste pour un contexte professionnel etudiant
images/minimaliste/minimaliste_0090.jpg,minimaliste,journee_campus,Tenue minimaliste pour un contexte professionnel etudiant
images/minimaliste/minimaliste_0091.jpg,minimaliste,journee_campus,Tenue minimaliste pour un contexte professionnel etudiant
images/minimaliste/minimaliste_0092.jpg,minimaliste,soiree_networking,Tenue minimaliste pour un contexte professionnel etudiant
images/minimaliste/minimaliste_0093.jpg,minimaliste,soiree_networking,Tenue minimaliste pour un contexte professionnel etudiant
images/minimaliste/minimaliste_0094.jpg,minimaliste,presentation_projet,Tenue minimaliste pour un contexte professionnel etudiant
images/minimaliste/minimaliste_0095.jpg,minimaliste,entretien_embauche,Tenue minimaliste pour un contexte professionnel etudiant
images/minimaliste/minimaliste_0096.jpg,minimaliste,entretien_embauche,Tenue minimaliste pour un contexte professionnel etudiant
images/minimaliste/minimaliste_0097.jpg,minimaliste,entretien_embauche,Tenue minimaliste pour un contexte professionnel etudiant
images/minimaliste/minimaliste_0098.jpg,minimaliste,journee_campus,Tenue minimaliste pour un contexte professionnel etudiant
images/minimaliste/minimaliste_0099.jpg,minimaliste,soiree_networking,Tenue minimaliste pour un contexte professionnel etudiant
